,Year,temp_ssp119,temp_ssp126,temp_ssp245,temp_ssp370,temp_ssp585
0,1750.0,0.13442035095329,0.13442035095329,0.13442035095329,0.13442035095329,0.13442035095329
1,1751.0,0.1518108608415551,0.1518108608415551,0.1518108608415551,0.1518108608415551,0.1518108608415551
2,1752.0,0.18513871689948103,0.18513871689948103,0.18513871689948103,0.18513871689948103,0.18513871689948103
3,1753.0,0.20440470145633266,0.20440470145633266,0.20440470145633266,0.20440470145633266,0.20440470145633266
4,1754.0,0.1867454218671626,0.1867454218671626,0.1867454218671626,0.1867454218671626,0.1867454218671626
5,1755.0,0.18467538750920698,0.18467538750920698,0.18467538750920698,0.18467538750920698,0.18467538750920698
6,1756.0,0.16791220067247017,0.16791220067247017,0.16791220067247017,0.16791220067247017,0.16791220067247017
7,1757.0,0.1432238721098845,0.1432238721098845,0.1432238721098845,0.1432238721098845,0.1432238721098845
8,1758.0,0.15335957452648466,0.15335957452648466,0.15335957452648466,0.15335957452648466,0.15335957452648466
9,1759.0,0.19198941593871643,0.19198941593871643,0.19198941593871643,0.19198941593871643,0.19198941593871643
10,1760.0,0.20342913835509174,0.20342913835509174,0.20342913835509174,0.20342913835509174,0.20342913835509174
11,1761.0,0.2062834986850104,0.2062834986850104,0.2062834986850104,0.2062834986850104,0.2062834986850104
12,1762.0,0.17048373231645345,0.17048373231645345,0.17048373231645345,0.17048373231645345,0.17048373231645345
13,1763.0,0.04613504788359318,0.04613504788359318,0.04613504788359318,0.04613504788359318,0.04613504788359318
14,1764.0,0.049544396569911456,0.049544396569911456,0.049544396569911456,0.049544396569911456,0.049544396569911456
15,1765.0,0.08450419237611911,0.08450419237611911,0.08450419237611911,0.08450419237611911,0.08450419237611911
16,1766.0,0.08774077218096928,0.08774077218096928,0.08774077218096928,0.08774077218096928,0.08774077218096928
17,1767.0,0.024901197202095687,0.024901197202095687,0.024901197202095687,0.024901197202095687,0.024901197202095687
18,1768.0,0.05286851834850208,0.05286851834850208,0.05286851834850208,0.05286851834850208,0.05286851834850208
19,1769.0,0.1055460383854595,0.1055460383854595,0.1055460383854595,0.1055460383854595,0.1055460383854595
20,1770.0,0.1512425905059629,0.1512425905059629,0.1512425905059629,0.1512425905059629,0.1512425905059629
21,1771.0,0.15207781315107638,0.15207781315107638,0.15207781315107638,0.15207781315107638,0.15207781315107638
22,1772.0,0.18811499846949437,0.18811499846949437,0.18811499846949437,0.18811499846949437,0.18811499846949437
23,1773.0,0.18456286549655637,0.18456286549655637,0.18456286549655637,0.18456286549655637,0.18456286549655637
24,1774.0,0.1988940529720245,0.1988940529720245,0.1988940529720245,0.1988940529720245,0.1988940529720245
25,1775.0,0.21503167965193026,0.21503167965193026,0.21503167965193026,0.21503167965193026,0.21503167965193026
26,1776.0,0.19320528945573318,0.19320528945573318,0.19320528945573318,0.19320528945573318,0.19320528945573318
27,1777.0,0.21059383107312304,0.21059383107312304,0.21059383107312304,0.21059383107312304,0.21059383107312304
28,1778.0,0.22016510232406208,0.22016510232406208,0.22016510232406208,0.22016510232406208,0.22016510232406208
29,1779.0,0.19003665660768904,0.19003665660768904,0.19003665660768904,0.19003665660768904,0.19003665660768904
30,1780.0,0.19275074718413532,0.19275074718413532,0.19275074718413532,0.19275074718413532,0.19275074718413532
31,1781.0,0.22776492278668525,0.22776492278668525,0.22776492278668525,0.22776492278668525,0.22776492278668525
32,1782.0,0.23618373567633127,0.23618373567633127,0.23618373567633127,0.23618373567633127,0.23618373567633127
33,1783.0,0.13547765246713547,0.13547765246713547,0.13547765246713547,0.13547765246713547,0.13547765246713547
34,1784.0,-0.18099139654522065,-0.18099139654522065,-0.18099139654522065,-0.18099139654522065,-0.18099139654522065
35,1785.0,-0.41934924332396306,-0.41934924332396306,-0.41934924332396306,-0.41934924332396306,-0.41934924332396306
36,1786.0,-0.3880427076532559,-0.3880427076532559,-0.3880427076532559,-0.3880427076532559,-0.3880427076532559
37,1787.0,-0.24556353725389188,-0.24556353725389188,-0.24556353725389188,-0.24556353725389188,-0.24556353725389188
38,1788.0,-0.1372825554767537,-0.1372825554767537,-0.1372825554767537,-0.1372825554767537,-0.1372825554767537
39,1789.0,-0.01531906808578068,-0.01531906808578068,-0.01531906808578068,-0.01531906808578068,-0.01531906808578068
40,1790.0,0.04261325541593429,0.04261325541593429,0.04261325541593429,0.04261325541593429,0.04261325541593429
41,1791.0,0.06341408963865193,0.06341408963865193,0.06341408963865193,0.06341408963865193,0.06341408963865193
42,1792.0,0.10127574676822937,0.10127574676822937,0.10127574676822937,0.10127574676822937,0.10127574676822937
43,1793.0,0.1319211782027044,0.1319211782027044,0.1319211782027044,0.1319211782027044,0.1319211782027044
44,1794.0,0.14197999460051625,0.14197999460051625,0.14197999460051625,0.14197999460051625,0.14197999460051625
45,1795.0,0.15273959456720682,0.15273959456720682,0.15273959456720682,0.15273959456720682,0.15273959456720682
46,1796.0,0.1299985215191959,0.1299985215191959,0.1299985215191959,0.1299985215191959,0.1299985215191959
47,1797.0,0.11362117664525015,0.11362117664525015,0.11362117664525015,0.11362117664525015,0.11362117664525015
48,1798.0,0.09878572462734952,0.09878572462734952,0.09878572462734952,0.09878572462734952,0.09878572462734952
49,1799.0,0.11734644021277031,0.11734644021277031,0.11734644021277031,0.11734644021277031,0.11734644021277031
50,1800.0,0.12158207682951695,0.12158207682951695,0.12158207682951695,0.12158207682951695,0.12158207682951695
51,1801.0,0.14071717152578883,0.14071717152578883,0.14071717152578883,0.14071717152578883,0.14071717152578883
52,1802.0,0.15155579513896164,0.15155579513896164,0.15155579513896164,0.15155579513896164,0.15155579513896164
53,1803.0,0.1459285702984263,0.1459285702984263,0.1459285702984263,0.1459285702984263,0.1459285702984263
54,1804.0,0.2015098240295578,0.2015098240295578,0.2015098240295578,0.2015098240295578,0.2015098240295578
55,1805.0,0.21752336454586613,0.21752336454586613,0.21752336454586613,0.21752336454586613,0.21752336454586613
56,1806.0,0.21903229940708902,0.21903229940708902,0.21903229940708902,0.21903229940708902,0.21903229940708902
57,1807.0,0.2172032870356106,0.2172032870356106,0.2172032870356106,0.2172032870356106,0.2172032870356106
58,1808.0,0.21225043424070394,0.21225043424070394,0.21225043424070394,0.21225043424070394,0.21225043424070394
59,1809.0,-0.016775762280648143,-0.016775762280648143,-0.016775762280648143,-0.016775762280648143,-0.016775762280648143
60,1810.0,-0.3677358766681571,-0.3677358766681571,-0.3677358766681571,-0.3677358766681571,-0.3677358766681571
61,1811.0,-0.4256964758545976,-0.4256964758545976,-0.4256964758545976,-0.4256964758545976,-0.4256964758545976
62,1812.0,-0.32288632704076137,-0.32288632704076137,-0.32288632704076137,-0.32288632704076137,-0.32288632704076137
63,1813.0,-0.18849736816839255,-0.18849736816839255,-0.18849736816839255,-0.18849736816839255,-0.18849736816839255
64,1814.0,-0.06784121025071838,-0.06784121025071838,-0.06784121025071838,-0.06784121025071838,-0.06784121025071838
65,1815.0,-0.24729261750310413,-0.24729261750310413,-0.24729261750310413,-0.24729261750310413,-0.24729261750310413
66,1816.0,-0.669963231162625,-0.669963231162625,-0.669963231162625,-0.669963231162625,-0.669963231162625
67,1817.0,-0.8410041696125642,-0.8410041696125642,-0.8410041696125642,-0.8410041696125642,-0.8410041696125642
68,1818.0,-0.6661351487521543,-0.6661351487521543,-0.6661351487521543,-0.6661351487521543,-0.6661351487521543
69,1819.0,-0.5014262872506847,-0.5014262872506847,-0.5014262872506847,-0.5014262872506847,-0.5014262872506847
70,1820.0,-0.3315644907240829,-0.3315644907240829,-0.3315644907240829,-0.3315644907240829,-0.3315644907240829
71,1821.0,-0.22156738120883082,-0.22156738120883082,-0.22156738120883082,-0.22156738120883082,-0.22156738120883082
72,1822.0,-0.16334176399491349,-0.16334176399491349,-0.16334176399491349,-0.16334176399491349,-0.16334176399491349
73,1823.0,-0.16407599501918227,-0.16407599501918227,-0.16407599501918227,-0.16407599501918227,-0.16407599501918227
74,1824.0,-0.13702050255248568,-0.13702050255248568,-0.13702050255248568,-0.13702050255248568,-0.13702050255248568
75,1825.0,-0.07565561363163953,-0.07565561363163953,-0.07565561363163953,-0.07565561363163953,-0.07565561363163953
76,1826.0,-0.015206015060027472,-0.015206015060027472,-0.015206015060027472,-0.015206015060027472,-0.015206015060027472
77,1827.0,0.03930086188810644,0.03930086188810644,0.03930086188810644,0.03930086188810644,0.03930086188810644
78,1828.0,0.06647713253976205,0.06647713253976205,0.06647713253976205,0.06647713253976205,0.06647713253976205
79,1829.0,0.07742887546224611,0.07742887546224611,0.07742887546224611,0.07742887546224611,0.07742887546224611
80,1830.0,0.09019716082145506,0.09019716082145506,0.09019716082145506,0.09019716082145506,0.09019716082145506
81,1831.0,-0.04934469723417162,-0.04934469723417162,-0.04934469723417162,-0.04934469723417162,-0.04934469723417162
82,1832.0,-0.2788150939795504,-0.2788150939795504,-0.2788150939795504,-0.2788150939795504,-0.2788150939795504
83,1833.0,-0.28766407468028443,-0.28766407468028443,-0.28766407468028443,-0.28766407468028443,-0.28766407468028443
84,1834.0,-0.20797387063888798,-0.20797387063888798,-0.20797387063888798,-0.20797387063888798,-0.20797387063888798
85,1835.0,-0.23825142375752748,-0.23825142375752748,-0.23825142375752748,-0.23825142375752748,-0.23825142375752748
86,1836.0,-0.31303297201863034,-0.31303297201863034,-0.31303297201863034,-0.31303297201863034,-0.31303297201863034
87,1837.0,-0.28901640503754256,-0.28901640503754256,-0.28901640503754256,-0.28901640503754256,-0.28901640503754256
88,1838.0,-0.19824342624617283,-0.19824342624617283,-0.19824342624617283,-0.19824342624617283,-0.19824342624617283
89,1839.0,-0.11596575215624907,-0.11596575215624907,-0.11596575215624907,-0.11596575215624907,-0.11596575215624907
90,1840.0,-0.05251723013660817,-0.05251723013660817,-0.05251723013660817,-0.05251723013660817,-0.05251723013660817
91,1841.0,-0.011068190622613328,-0.011068190622613328,-0.011068190622613328,-0.011068190622613328,-0.011068190622613328
92,1842.0,0.030370967019303516,0.030370967019303516,0.030370967019303516,0.030370967019303516,0.030370967019303516
93,1843.0,0.020797183074266576,0.020797183074266576,0.020797183074266576,0.020797183074266576,0.020797183074266576
94,1844.0,0.019272962634432123,0.019272962634432123,0.019272962634432123,0.019272962634432123,0.019272962634432123
95,1845.0,0.03920066463031642,0.03920066463031642,0.03920066463031642,0.03920066463031642,0.03920066463031642
96,1846.0,0.08139365799050838,0.08139365799050838,0.08139365799050838,0.08139365799050838,0.08139365799050838
97,1847.0,0.07892476342683138,0.07892476342683138,0.07892476342683138,0.07892476342683138,0.07892476342683138
98,1848.0,0.06595504024693542,0.06595504024693542,0.06595504024693542,0.06595504024693542,0.06595504024693542
99,1849.0,0.09059109369945056,0.09059109369945056,0.09059109369945056,0.09059109369945056,0.09059109369945056
100,1850.0,0.10465561208956403,0.10465561208956403,0.10465561208956403,0.10465561208956403,0.10465561208956403
101,1851.0,0.11465124087687037,0.11465124087687037,0.11465124087687037,0.11465124087687037,0.11465124087687037
102,1852.0,0.1358145064384937,0.1358145064384937,0.1358145064384937,0.1358145064384937,0.1358145064384937
103,1853.0,0.10660569455263624,0.10660569455263624,0.10660569455263624,0.10660569455263624,0.10660569455263624
104,1854.0,0.12143597993380384,0.12143597993380384,0.12143597993380384,0.12143597993380384,0.12143597993380384
105,1855.0,0.12194870805511296,0.12194870805511296,0.12194870805511296,0.12194870805511296,0.12194870805511296
106,1856.0,0.13224634640582264,0.13224634640582264,0.13224634640582264,0.13224634640582264,0.13224634640582264
107,1857.0,0.13687811972874922,0.13687811972874922,0.13687811972874922,0.13687811972874922,0.13687811972874922
108,1858.0,0.11156459679988506,0.11156459679988506,0.11156459679988506,0.11156459679988506,0.11156459679988506
109,1859.0,0.16411069975436307,0.16411069975436307,0.16411069975436307,0.16411069975436307,0.16411069975436307
110,1860.0,0.15315073503498433,0.15315073503498433,0.15315073503498433,0.15315073503498433,0.15315073503498433
111,1861.0,0.1812630945624249,0.1812630945624249,0.1812630945624249,0.1812630945624249,0.1812630945624249
112,1862.0,0.1316930363557465,0.1316930363557465,0.1316930363557465,0.1316930363557465,0.1316930363557465
113,1863.0,0.0600935595793953,0.0600935595793953,0.0600935595793953,0.0600935595793953,0.0600935595793953
114,1864.0,0.07098950327734722,0.07098950327734722,0.07098950327734722,0.07098950327734722,0.07098950327734722
115,1865.0,0.10806526449331524,0.10806526449331524,0.10806526449331524,0.10806526449331524,0.10806526449331524
116,1866.0,0.09733530347334152,0.09733530347334152,0.09733530347334152,0.09733530347334152,0.09733530347334152
117,1867.0,0.10619032836207028,0.10619032836207028,0.10619032836207028,0.10619032836207028,0.10619032836207028
118,1868.0,0.11865286138526449,0.11865286138526449,0.11865286138526449,0.11865286138526449,0.11865286138526449
119,1869.0,0.13591447526139894,0.13591447526139894,0.13591447526139894,0.13591447526139894,0.13591447526139894
120,1870.0,0.1486050070376347,0.1486050070376347,0.1486050070376347,0.1486050070376347,0.1486050070376347
121,1871.0,0.16448824349770802,0.16448824349770802,0.16448824349770802,0.16448824349770802,0.16448824349770802
122,1872.0,0.14258259307362545,0.14258259307362545,0.14258259307362545,0.14258259307362545,0.14258259307362545
123,1873.0,0.15526574700958132,0.15526574700958132,0.15526574700958132,0.15526574700958132,0.15526574700958132
124,1874.0,0.14846455701020883,0.14846455701020883,0.14846455701020883,0.14846455701020883,0.14846455701020883
125,1875.0,0.1416529583017192,0.1416529583017192,0.1416529583017192,0.1416529583017192,0.1416529583017192
126,1876.0,0.14957639855842692,0.14957639855842692,0.14957639855842692,0.14957639855842692,0.14957639855842692
127,1877.0,0.14840172204032007,0.14840172204032007,0.14840172204032007,0.14840172204032007,0.14840172204032007
128,1878.0,0.14475226844134442,0.14475226844134442,0.14475226844134442,0.14475226844134442,0.14475226844134442
129,1879.0,0.15596885427358326,0.15596885427358326,0.15596885427358326,0.15596885427358326,0.15596885427358326
130,1880.0,0.15618492160229688,0.15618492160229688,0.15618492160229688,0.15618492160229688,0.15618492160229688
131,1881.0,0.16092097836879832,0.16092097836879832,0.16092097836879832,0.16092097836879832,0.16092097836879832
132,1882.0,0.16357885788858445,0.16357885788858445,0.16357885788858445,0.16357885788858445,0.16357885788858445
133,1883.0,0.1452858123344887,0.1452858123344887,0.1452858123344887,0.1452858123344887,0.1452858123344887
134,1884.0,-0.009247813125194071,-0.009247813125194071,-0.009247813125194071,-0.009247813125194071,-0.009247813125194071
135,1885.0,-0.15098942478629204,-0.15098942478629204,-0.15098942478629204,-0.15098942478629204,-0.15098942478629204
136,1886.0,-0.14610698899788896,-0.14610698899788896,-0.14610698899788896,-0.14610698899788896,-0.14610698899788896
137,1887.0,-0.07846584920122329,-0.07846584920122329,-0.07846584920122329,-0.07846584920122329,-0.07846584920122329
138,1888.0,-0.018327144606472306,-0.018327144606472306,-0.018327144606472306,-0.018327144606472306,-0.018327144606472306
139,1889.0,0.01892815713324128,0.01892815713324128,0.01892815713324128,0.01892815713324128,0.01892815713324128
140,1890.0,0.059319252595628244,0.059319252595628244,0.059319252595628244,0.059319252595628244,0.059319252595628244
141,1891.0,0.0626506172473093,0.0626506172473093,0.0626506172473093,0.0626506172473093,0.0626506172473093
142,1892.0,0.05785994703661575,0.05785994703661575,0.05785994703661575,0.05785994703661575,0.05785994703661575
143,1893.0,0.0719000333755015,0.0719000333755015,0.0719000333755015,0.0719000333755015,0.0719000333755015
144,1894.0,0.11122772728856764,0.11122772728856764,0.11122772728856764,0.11122772728856764,0.11122772728856764
145,1895.0,0.12564049516789846,0.12564049516789846,0.12564049516789846,0.12564049516789846,0.12564049516789846
146,1896.0,0.14708069219632328,0.14708069219632328,0.14708069219632328,0.14708069219632328,0.14708069219632328
147,1897.0,0.14577746982649184,0.14577746982649184,0.14577746982649184,0.14577746982649184,0.14577746982649184
148,1898.0,0.1377182716870867,0.1377182716870867,0.1377182716870867,0.1377182716870867,0.1377182716870867
149,1899.0,0.14070839746113528,0.14070839746113528,0.14070839746113528,0.14070839746113528,0.14070839746113528
150,1900.0,0.13233675734509232,0.13233675734509232,0.13233675734509232,0.13233675734509232,0.13233675734509232
151,1901.0,0.12434668384332688,0.12434668384332688,0.12434668384332688,0.12434668384332688,0.12434668384332688
152,1902.0,0.11200452767634873,0.11200452767634873,0.11200452767634873,0.11200452767634873,0.11200452767634873
153,1903.0,0.05221456569845931,0.05221456569845931,0.05221456569845931,0.05221456569845931,0.05221456569845931
154,1904.0,0.010380111163275502,0.010380111163275502,0.010380111163275502,0.010380111163275502,0.010380111163275502
155,1905.0,0.022054796391124815,0.022054796391124815,0.022054796391124815,0.022054796391124815,0.022054796391124815
156,1906.0,0.05263713696406372,0.05263713696406372,0.05263713696406372,0.05263713696406372,0.05263713696406372
157,1907.0,0.08578708297496065,0.08578708297496065,0.08578708297496065,0.08578708297496065,0.08578708297496065
158,1908.0,0.08849872845862596,0.08849872845862596,0.08849872845862596,0.08849872845862596,0.08849872845862596
159,1909.0,0.10011841278276816,0.10011841278276816,0.10011841278276816,0.10011841278276816,0.10011841278276816
160,1910.0,0.11157475100831928,0.11157475100831928,0.11157475100831928,0.11157475100831928,0.11157475100831928
161,1911.0,0.09604742640850258,0.09604742640850258,0.09604742640850258,0.09604742640850258,0.09604742640850258
162,1912.0,0.06657470507367746,0.06657470507367746,0.06657470507367746,0.06657470507367746,0.06657470507367746
163,1913.0,-0.0013432606606815223,-0.0013432606606815223,-0.0013432606606815223,-0.0013432606606815223,-0.0013432606606815223
164,1914.0,-0.03155678045329599,-0.03155678045329599,-0.03155678045329599,-0.03155678045329599,-0.03155678045329599
165,1915.0,0.019648890764282473,0.019648890764282473,0.019648890764282473,0.019648890764282473,0.019648890764282473
166,1916.0,0.06444823074437309,0.06444823074437309,0.06444823074437309,0.06444823074437309,0.06444823074437309
167,1917.0,0.09255407575562771,0.09255407575562771,0.09255407575562771,0.09255407575562771,0.09255407575562771
168,1918.0,0.12037934017104232,0.12037934017104232,0.12037934017104232,0.12037934017104232,0.12037934017104232
169,1919.0,0.09287937501373422,0.09287937501373422,0.09287937501373422,0.09287937501373422,0.09287937501373422
170,1920.0,0.0966876616555501,0.0966876616555501,0.0966876616555501,0.0966876616555501,0.0966876616555501
171,1921.0,0.10915301072264967,0.10915301072264967,0.10915301072264967,0.10915301072264967,0.10915301072264967
172,1922.0,0.1104400144454864,0.1104400144454864,0.1104400144454864,0.1104400144454864,0.1104400144454864
173,1923.0,0.09145958044245155,0.09145958044245155,0.09145958044245155,0.09145958044245155,0.09145958044245155
174,1924.0,0.10111786214900828,0.10111786214900828,0.10111786214900828,0.10111786214900828,0.10111786214900828
175,1925.0,0.09605846824130782,0.09605846824130782,0.09605846824130782,0.09605846824130782,0.09605846824130782
176,1926.0,0.10271538091825161,0.10271538091825161,0.10271538091825161,0.10271538091825161,0.10271538091825161
177,1927.0,0.11842974127030442,0.11842974127030442,0.11842974127030442,0.11842974127030442,0.11842974127030442
178,1928.0,0.12104943032458591,0.12104943032458591,0.12104943032458591,0.12104943032458591,0.12104943032458591
179,1929.0,0.10396371071055435,0.10396371071055435,0.10396371071055435,0.10396371071055435,0.10396371071055435
180,1930.0,0.08230155348270626,0.08230155348270626,0.08230155348270626,0.08230155348270626,0.08230155348270626
181,1931.0,0.10077909092681046,0.10077909092681046,0.10077909092681046,0.10077909092681046,0.10077909092681046
182,1932.0,0.12030584841689432,0.12030584841689432,0.12030584841689432,0.12030584841689432,0.12030584841689432
183,1933.0,0.11113465921138577,0.11113465921138577,0.11113465921138577,0.11113465921138577,0.11113465921138577
184,1934.0,0.139325947485099,0.139325947485099,0.139325947485099,0.139325947485099,0.139325947485099
185,1935.0,0.1447252852725729,0.1447252852725729,0.1447252852725729,0.1447252852725729,0.1447252852725729
186,1936.0,0.1336365768427781,0.1336365768427781,0.1336365768427781,0.1336365768427781,0.1336365768427781
187,1937.0,0.14249935811161749,0.14249935811161749,0.14249935811161749,0.14249935811161749,0.14249935811161749
188,1938.0,0.12983169458127472,0.12983169458127472,0.12983169458127472,0.12983169458127472,0.12983169458127472
189,1939.0,0.12462617006932931,0.12462617006932931,0.12462617006932931,0.12462617006932931,0.12462617006932931
190,1940.0,0.1378053754424847,0.1378053754424847,0.1378053754424847,0.1378053754424847,0.1378053754424847
191,1941.0,0.14919639701473317,0.14919639701473317,0.14919639701473317,0.14919639701473317,0.14919639701473317
192,1942.0,0.14123003338157342,0.14123003338157342,0.14123003338157342,0.14123003338157342,0.14123003338157342
193,1943.0,0.12035408611841372,0.12035408611841372,0.12035408611841372,0.12035408611841372,0.12035408611841372
194,1944.0,0.10498551897059775,0.10498551897059775,0.10498551897059775,0.10498551897059775,0.10498551897059775
195,1945.0,0.11623451044795258,0.11623451044795258,0.11623451044795258,0.11623451044795258,0.11623451044795258
196,1946.0,0.13481651469868816,0.13481651469868816,0.13481651469868816,0.13481651469868816,0.13481651469868816
197,1947.0,0.16136973471981467,0.16136973471981467,0.16136973471981467,0.16136973471981467,0.16136973471981467
198,1948.0,0.15994738771206235,0.15994738771206235,0.15994738771206235,0.15994738771206235,0.15994738771206235
199,1949.0,0.1595539246131446,0.1595539246131446,0.1595539246131446,0.1595539246131446,0.1595539246131446
200,1950.0,0.14590143482200463,0.14590143482200463,0.14590143482200463,0.14590143482200463,0.14590143482200463
201,1951.0,0.13104530246028792,0.13104530246028792,0.13104530246028792,0.13104530246028792,0.13104530246028792
202,1952.0,0.13793683925659248,0.13793683925659248,0.13793683925659248,0.13793683925659248,0.13793683925659248
203,1953.0,0.13892564729687304,0.13892564729687304,0.13892564729687304,0.13892564729687304,0.13892564729687304
204,1954.0,0.13124293599750161,0.13124293599750161,0.13124293599750161,0.13124293599750161,0.13124293599750161
205,1955.0,0.14287784204290876,0.14287784204290876,0.14287784204290876,0.14287784204290876,0.14287784204290876
206,1956.0,0.14151028607427085,0.14151028607427085,0.14151028607427085,0.14151028607427085,0.14151028607427085
207,1957.0,0.16032134080105037,0.16032134080105037,0.16032134080105037,0.16032134080105037,0.16032134080105037
208,1958.0,0.1712353432447867,0.1712353432447867,0.1712353432447867,0.1712353432447867,0.1712353432447867
209,1959.0,0.15095362674014584,0.15095362674014584,0.15095362674014584,0.15095362674014584,0.15095362674014584
210,1960.0,0.13345260136537218,0.13345260136537218,0.13345260136537218,0.13345260136537218,0.13345260136537218
211,1961.0,0.133533681503094,0.133533681503094,0.133533681503094,0.133533681503094,0.133533681503094
212,1962.0,0.09799571953306872,0.09799571953306872,0.09799571953306872,0.09799571953306872,0.09799571953306872
213,1963.0,0.016459960794069528,0.016459960794069528,0.016459960794069528,0.016459960794069528,0.016459960794069528
214,1964.0,-0.06562135633683644,-0.06562135633683644,-0.06562135633683644,-0.06562135633683644,-0.06562135633683644
215,1965.0,-0.1217776621215044,-0.1217776621215044,-0.1217776621215044,-0.1217776621215044,-0.1217776621215044
216,1966.0,-0.09565263965446227,-0.09565263965446227,-0.09565263965446227,-0.09565263965446227,-0.09565263965446227
217,1967.0,-0.030695928825295343,-0.030695928825295343,-0.030695928825295343,-0.030695928825295343,-0.030695928825295343
218,1968.0,0.0033217043605924534,0.0033217043605924534,0.0033217043605924534,0.0033217043605924534,0.0033217043605924534
219,1969.0,0.009442957413138678,0.009442957413138678,0.009442957413138678,0.009442957413138678,0.009442957413138678
220,1970.0,0.026605188462696674,0.026605188462696674,0.026605188462696674,0.026605188462696674,0.026605188462696674
221,1971.0,0.02120510769822108,0.02120510769822108,0.02120510769822108,0.02120510769822108,0.02120510769822108
222,1972.0,0.018161373969075092,0.018161373969075092,0.018161373969075092,0.018161373969075092,0.018161373969075092
223,1973.0,0.029296546483342956,0.029296546483342956,0.029296546483342956,0.029296546483342956,0.029296546483342956
224,1974.0,0.04239614397671691,0.04239614397671691,0.04239614397671691,0.04239614397671691,0.04239614397671691
225,1975.0,0.019752407504074754,0.019752407504074754,0.019752407504074754,0.019752407504074754,0.019752407504074754
226,1976.0,-0.009163525840009706,-0.009163525840009706,-0.009163525840009706,-0.009163525840009706,-0.009163525840009706
227,1977.0,0.02312446980905468,0.02312446980905468,0.02312446980905468,0.02312446980905468,0.02312446980905468
228,1978.0,0.06136915775361888,0.06136915775361888,0.06136915775361888,0.06136915775361888,0.06136915775361888
229,1979.0,0.06172680930039237,0.06172680930039237,0.06172680930039237,0.06172680930039237,0.06172680930039237
230,1980.0,0.10540838966200225,0.10540838966200225,0.10540838966200225,0.10540838966200225,0.10540838966200225
231,1981.0,0.09364211598727147,0.09364211598727147,0.09364211598727147,0.09364211598727147,0.09364211598727147
232,1982.0,0.07764264368611641,0.07764264368611641,0.07764264368611641,0.07764264368611641,0.07764264368611641
233,1983.0,0.01837354517735172,0.01837354517735172,0.01837354517735172,0.01837354517735172,0.01837354517735172
234,1984.0,-0.006665837781956646,-0.006665837781956646,-0.006665837781956646,-0.006665837781956646,-0.006665837781956646
235,1985.0,0.000292059012182766,0.000292059012182766,0.000292059012182766,0.000292059012182766,0.000292059012182766
236,1986.0,0.022840434591478526,0.022840434591478526,0.022840434591478526,0.022840434591478526,0.022840434591478526
237,1987.0,0.06509419948941916,0.06509419948941916,0.06509419948941916,0.06509419948941916,0.06509419948941916
238,1988.0,0.10102439912137612,0.10102439912137612,0.10102439912137612,0.10102439912137612,0.10102439912137612
239,1989.0,0.12791483833830064,0.12791483833830064,0.12791483833830064,0.12791483833830064,0.12791483833830064
240,1990.0,0.16173418916426996,0.16173418916426996,0.16173418916426996,0.16173418916426996,0.16173418916426996
241,1991.0,0.14810282750632436,0.14810282750632436,0.14810282750632436,0.14810282750632436,0.14810282750632436
242,1992.0,0.01145048457087254,0.01145048457087254,0.01145048457087254,0.01145048457087254,0.01145048457087254
243,1993.0,-0.09987798037554191,-0.09987798037554191,-0.09987798037554191,-0.09987798037554191,-0.09987798037554191
244,1994.0,-0.052417380174662576,-0.052417380174662576,-0.052417380174662576,-0.052417380174662576,-0.052417380174662576
245,1995.0,0.04957633578135659,0.04957633578135659,0.04957633578135659,0.04957633578135659,0.04957633578135659
246,1996.0,0.11499095854516865,0.11499095854516865,0.11499095854516865,0.11499095854516865,0.11499095854516865
247,1997.0,0.17241043680157,0.17241043680157,0.17241043680157,0.17241043680157,0.17241043680157
248,1998.0,0.2070976527944971,0.2070976527944971,0.2070976527944971,0.2070976527944971,0.2070976527944971
249,1999.0,0.25075900773267795,0.25075900773267795,0.25075900773267795,0.25075900773267795,0.25075900773267795
250,2000.0,0.2929409072709129,0.2929409072709129,0.2929409072709129,0.2929409072709129,0.2929409072709129
251,2001.0,0.3289295558004053,0.3289295558004053,0.3289295558004053,0.3289295558004053,0.3289295558004053
252,2002.0,0.34342419516876005,0.34342419516876005,0.34342419516876005,0.34342419516876005,0.34342419516876005
253,2003.0,0.35425960391683353,0.35425960391683353,0.35425960391683353,0.35425960391683353,0.35425960391683353
254,2004.0,0.35480450212977865,0.35480450212977865,0.35480450212977865,0.35480450212977865,0.35480450212977865
255,2005.0,0.3651432757265676,0.3651432757265676,0.3651432757265676,0.3651432757265676,0.3651432757265676
256,2006.0,0.3571431266259168,0.3571431266259168,0.3571431266259168,0.3571431266259168,0.3571431266259168
257,2007.0,0.3601641865420916,0.3601641865420916,0.3601641865420916,0.3601641865420916,0.3601641865420916
258,2008.0,0.3581283633731872,0.3581283633731872,0.3581283633731872,0.3581283633731872,0.3581283633731872
259,2009.0,0.3879586398917233,0.3879586398917233,0.3879586398917233,0.3879586398917233,0.3879586398917233
260,2010.0,0.3940564000559278,0.3940564000559278,0.3940564000559278,0.3940564000559278,0.3940564000559278
261,2011.0,0.42267426083365167,0.42267426083365167,0.42267426083365167,0.42267426083365167,0.42267426083365167
262,2012.0,0.42764084829436555,0.42764084829436555,0.42764084829436555,0.42764084829436555,0.42764084829436555
263,2013.0,0.4851445701109165,0.4851445701109165,0.4851445701109165,0.4851445701109165,0.4851445701109165
264,2014.0,0.4669851716905151,0.4669851716905151,0.4669851716905151,0.4669851716905151,0.4669851716905151
265,2015.0,0.4730241667819741,0.4730241667819741,0.4730241667819741,0.4730241667819741,0.4730241667819741
266,2016.0,0.48298420005193754,0.48298420005193754,0.48298420005193754,0.48298420005193754,0.48298420005193754
267,2017.0,0.4952858361454797,0.49500174266342556,0.4957539408732078,0.4938822421947535,0.49767763447453706
268,2018.0,0.5013061636904228,0.500452047004298,0.5027619528808187,0.49750626304974,0.5081296687435101
269,2019.0,0.534756538962089,0.5330887066054979,0.5376714286455763,0.5280712172950633,0.5474218999661467
270,2020.0,0.5756576420165429,0.5729527303681612,0.5804675001105262,0.5658372099045008,0.5952495371176926
271,2021.0,0.6059432248995807,0.6019877410142528,0.6130545862592007,0.5928462390717819,0.6333664733424155
272,2022.0,0.605229126509728,0.5996432548519924,0.6128701480750356,0.589022772207048,0.6386379310254022
273,2023.0,0.5953984677309733,0.5879523929004816,0.6022129685153903,0.5763512649774094,0.6335443948495662
274,2024.0,0.6175334970631515,0.6081346267185052,0.6228121407694742,0.5959474141260541,0.6600084759022967
275,2025.0,0.5959831524419568,0.584608563582711,0.599340214482585,0.5721758844053889,0.6427830194695975
276,2026.0,0.6306173714269147,0.6172778841327653,0.6318258753182397,0.6049092339108051,0.681928949286994
277,2027.0,0.6356672228441013,0.6203865784853827,0.6345767704928201,0.608364262201488,0.6917637998182652
278,2028.0,0.6374405480976777,0.6202428062931868,0.6339350672009384,0.6088249920540811,0.6986309799704594
279,2029.0,0.6765570754314474,0.6574572173646729,0.6705291756371363,0.6468786067923832,0.7431558767915754
280,2030.0,0.6659465105241195,0.6449412964743618,0.6572764930088613,0.6354086511405959,0.7382484947206795
281,2031.0,0.6921758790243306,0.6692371589386173,0.680719478540289,0.6609316214409569,0.7704442847578843
282,2032.0,0.6572861331291974,0.6345657133994722,0.6468564105044148,0.6284837445746323,0.7437436066863057
283,2033.0,0.677646926018209,0.6567874244534686,0.671195911871852,0.653768430655384,0.7740953054348891
284,2034.0,0.6682150398224838,0.6501405018823685,0.6674412535801262,0.6507733247537646,0.7758265464593882
285,2035.0,0.6900431175383643,0.6753066036972004,0.6960022543728936,0.6800485137724162,0.809659669684982
286,2036.0,0.6941295330462713,0.6830844947205965,0.7075327086839944,0.6923160218314109,0.8264065793898028
287,2037.0,0.7296998661830679,0.7225815616411908,0.7510548734838542,0.7366356948048034,0.8751788284896692
288,2038.0,0.6914443016522998,0.6884097786650094,0.7211224538247523,0.7075809521348546,0.8505815959502984
289,2039.0,0.6852377911807367,0.6863911212521829,0.723518520494579,0.7109502308631411,0.8584347950000245
290,2040.0,0.6834662912614548,0.6888724399008046,0.7305593287719117,0.7190687610876034,0.871077897097578
291,2041.0,0.6800079907627523,0.6897017651106712,0.7360666013255397,0.725761871018068,0.8823451993029792
292,2042.0,0.7008453565013384,0.7144762594574713,0.7667961644006231,0.7575336564847217,0.9191958749010917
293,2043.0,0.6776203751629243,0.6949343790206065,0.7541500183840265,0.7458752998264894,0.9130242696215901
294,2044.0,0.6711893401114509,0.6920630225425364,0.7586842109302084,0.7514511740427018,0.9243564505231417
295,2045.0,0.6728854048310272,0.6972601065854034,0.771569372119486,0.7654868755941763,0.9443490568095909
296,2046.0,0.6749229802303711,0.7027718756271066,0.784925874674367,0.7801302625435582,0.9651142549474399
297,2047.0,0.6792421735847436,0.7105548886449192,0.800632437098105,0.7972734295515677,0.9885233946222519
298,2048.0,0.6901949744485347,0.7249708262238032,0.8229998166160891,0.8212347607103341,1.0188817638803904
299,2049.0,0.6841322823416484,0.7223762834438566,0.8283481885727322,0.8283371776017208,1.0325030806291722
300,2050.0,0.7010354010742229,0.7427568289498765,0.8566384488981006,0.8585436197271403,1.0693439418854238
301,2051.0,0.6901898494680884,0.7353999250524996,0.8571372587108728,0.8611176590840212,1.0786623933138273
302,2052.0,0.661946645398842,0.7105399167297987,0.839616815766793,0.8466959813266854,1.0697331455377288
303,2053.0,0.657966125068454,0.7098393326219977,0.8458041662164433,0.8568445194079789,1.0842675007859415
304,2054.0,0.6390545673502789,0.6941248074949226,0.8366406713254728,0.8522565771959678,1.0832739537756462
305,2055.0,0.645530672433341,0.7037253651393957,0.8525102371253308,0.8731891296546268,1.1071675235690914
306,2056.0,0.6525384051647193,0.7137898513837477,0.8685871163441254,0.8947442797934709,1.131132737515591
307,2057.0,0.6370621955828295,0.7013060870134711,0.8618743794058318,0.8938793915463199,1.1321771985248752
308,2058.0,0.6172496496874489,0.6844254294830964,0.8505372056671464,0.8887297809239921,1.1284726043665034
309,2059.0,0.6200122197520809,0.6900628818573068,0.8615025896516577,0.9061994498531857,1.146951986826614
310,2060.0,0.6530326626917674,0.7259041564627375,0.9024656375447094,0.9539627096717855,1.195313985906469
311,2061.0,0.6413295088107298,0.7169690278832916,0.898449364783616,0.9570180198289825,1.1985768470739604
312,2062.0,0.6265939994496552,0.7044419122575613,0.8907558917301699,0.9568778296513245,1.1984716732724472
313,2063.0,0.6282870644494397,0.7078765479204631,0.8989682307015486,0.9730418108325479,1.2145030738865872
314,2064.0,0.6187894243118413,0.6998000482896677,0.8956185600879712,0.9779406208161587,1.2190778033547165
315,2065.0,0.6163281464470286,0.6985150097130237,0.8990157689931813,0.9898247078398728,1.2304417224551316
316,2066.0,0.6109149524193118,0.6940747726666888,0.8992203686229465,0.9987190993310984,1.2386242243918493
317,2067.0,0.599877242391064,0.6838332914136183,0.8935938756827868,1.0019621458992833,1.2409714364385072
318,2068.0,0.5954788278155011,0.6800734365342341,0.8944259446863065,1.0118265610435724,1.2497647543682424
319,2069.0,0.5995079649389288,0.6845978660767937,0.903523007269521,1.0301028474936784,1.2668027700236442
320,2070.0,0.6182479995355398,0.7037017253856988,0.9271826770694718,1.0630745336389154,1.29837677111077
321,2071.0,0.6283803546360982,0.7140766696662233,0.9420988003454344,1.087423754993505,1.3211764224165037
322,2072.0,0.6109055476929937,0.6965229093144172,0.9291160308038373,1.0839642116125365,1.3165292212600146
323,2073.0,0.5860259904859871,0.6712967841157724,0.9084781351328286,1.0729551221685494,1.3045451041326785
324,2074.0,0.584899107594297,0.6696294456829677,0.9114014960528686,1.0856323421759981,1.3162735444718983
325,2075.0,0.5914817211272329,0.6755174713752983,0.921870435634166,1.1059839811114671,1.3356083867329442
326,2076.0,0.5976394179258006,0.6808499949808606,0.9317657643288279,1.1258891591586129,1.3543796479737438
327,2077.0,0.5992189948665546,0.6814902876444673,0.9369475295829304,1.1412076936857993,1.36841952548407
328,2078.0,0.5848803374398978,0.6661106605505681,0.9260857560993294,1.1406077596458561,1.3663792629208427
329,2079.0,0.5755287912264485,0.6556268075636272,0.9200963411712498,1.1450051712211735,1.3691638406744389
330,2080.0,0.5679325648143694,0.6468156542460382,0.915756758153384,1.1511769374201808,1.3735432566149743
331,2081.0,0.5905458771071425,0.6681390139491931,0.9415301235411798,1.1875861824175376,1.407976078176769
332,2082.0,0.583335627045038,0.6596113595613868,0.9375057286570166,1.1942228925064478,1.4121960074646225
333,2083.0,0.5921229507514684,0.6670878016682192,0.9495014042979624,1.2168788310040461,1.4320180120776338
334,2084.0,0.5822950760404891,0.655974346957713,0.9428836244508204,1.2209053470245756,1.4328503997358146
335,2085.0,0.564990905382103,0.6374218923184223,0.9287877382061132,1.2174289124884123,1.4258481647166785
336,2086.0,0.5687337236422503,0.639961946139266,0.9357415579335028,1.2349746979902945,1.439551075871013
337,2087.0,0.5669406619356586,0.6370165245020696,0.9371607353163927,1.2469486369162344,1.4473756851830606
338,2088.0,0.549279632874688,0.6182571449449779,0.9227172126469767,1.2430211060112064,1.43899948218271
339,2089.0,0.5676093924599002,0.6355447335268538,0.9442724573836151,1.2750516566050596,1.4662882559320705
340,2090.0,0.5675279690832499,0.6344780067914794,0.9474212703302838,1.2886266570532152,1.4748361481861478
341,2091.0,0.6019783014836436,0.6680004158850464,0.9851098106798761,1.3366930002250368,1.5175955527491174
342,2092.0,0.590651746437079,0.6557964860649852,0.9764201805366579,1.3389232561128663,1.5140426937683304
343,2093.0,0.6002665766072139,0.664576729721125,0.9881846414588716,1.3620432162951088,1.5309805539552281
344,2094.0,0.5955246267966466,0.6590374816616388,0.9852800591514567,1.3707585472932524,1.5332056742554148
345,2095.0,0.6121976191942503,0.6749467002380151,1.0035673521867767,1.400844347686808,1.5565432025257122
346,2096.0,0.6072800699724799,0.669295796695239,1.0000860341094833,1.4092920426061006,1.5580157792408136
347,2097.0,0.5975427622235847,0.6588532631568896,0.991637608103736,1.4128799489508077,1.5544210026248049
348,2098.0,0.5962583812568331,0.656889675753733,0.9915150313177336,1.4248855289829574,1.5590509407122506
349,2099.0,0.5832156581112659,0.6431917852063195,0.9795213995075507,1.425100355276059,1.5517091460714099
350,2100.0,0.5925723280658156,0.6519158414637023,0.989830402830357,1.4476966522260675,1.5665749418603836
351,2101.0,0.579881241876958,0.6386125444426676,0.9779981713572903,1.4482161431001332,1.5592018785661865
352,2102.0,0.5882440356956226,0.6464537596468,0.987295215781424,1.4699365523155288,1.572557040250035
353,2103.0,0.6047055614248523,0.6624646452092601,1.004709764565335,1.4997247096263244,1.5936738033016145
354,2104.0,0.6268170626894898,0.6841708478849754,1.02772903585614,1.5349753224097136,1.62012027954324
355,2105.0,0.6003684394446706,0.6573485651515367,1.0021105014489466,1.5213900615208034,1.597693724238676
356,2106.0,0.6078909159030146,0.6645218573589781,1.0103780685985293,1.5414701294400832,1.6089459016145364
357,2107.0,0.6142403927583195,0.6705418327143342,1.0173826722491501,1.560048013831658,1.6187435902551988
358,2108.0,0.611422158012316,0.6674101514729855,1.0151247586018934,1.5691069437169936,1.6190961093446292
359,2109.0,0.5881352780653514,0.6438233631413829,0.992304514469727,1.5573400803248938,1.5987135802488057
360,2110.0,0.6100476802523451,0.6654478146423636,1.0145979071523767,1.590428209871859,1.623285268764358
361,2111.0,0.5855663996963822,0.6406882953265517,0.9904062212986771,1.5767582356199308,1.6012132655328457
362,2112.0,0.610685348442281,0.6655376295704694,1.0157302885657613,1.6123362921876288,1.6285081506605028
363,2113.0,0.6375101653059967,0.6920998185399742,1.0426721666296495,1.6492553078204684,1.6572728430841048
364,2114.0,0.6631484187950671,0.7174812818149773,1.0683402495003407,1.6846213907032266,1.6846192229875383
365,2115.0,0.6590878690162769,0.7131686507603184,1.0642213560368474,1.6899168625330165,1.682035672306076
366,2116.0,0.6480236257939613,0.7018565822501184,1.0530175917249598,1.687852190514502,1.6722319887468693
367,2117.0,0.6237595533788332,0.6773484311913408,1.0285376754634152,1.6722420623111895,1.6490227250211673
368,2118.0,0.6054669661723957,0.6588155517471144,1.0099645021883563,1.6622865444474726,1.6316018960162517
369,2119.0,0.6108602510350711,0.6639719568542034,1.0150171832832544,1.6757122657915717,1.6376942262735332
370,2120.0,0.6234229222229333,0.6763005511056994,1.0271795831134523,1.6960041746625267,1.6507855482873486
371,2121.0,0.602657661374776,0.6553034025085761,1.0059537420557143,1.682664145058671,1.6303790008919203
372,2122.0,0.602029092423917,0.6544451437839451,1.0048118362918024,1.6891770344845354,1.6299541524987506
373,2123.0,0.6490364859696731,0.7012247204734124,1.0512552771024948,1.743049156550492,1.6770156187912142
374,2124.0,0.6355214572044168,0.6874828923420534,1.037119385230626,1.7361070130424054,1.6633948562178515
375,2125.0,0.6506061906626542,0.7023418839449751,1.051532406779317,1.7574892888113882,1.6782258495684257
376,2126.0,0.6404698464366422,0.691980420477854,1.0406722124719168,1.7533731177600247,1.6676865208378568
377,2127.0,0.6176227738132161,0.6689090950016334,1.0170573730632564,1.7362919822554879,1.644303201932616
378,2128.0,0.6073383013716968,0.6584014167504664,1.005968290380629,1.7315399645905176,1.633363244336606
379,2129.0,0.6223501687643391,0.6731908283540642,1.0201384557590394,1.7518523398412191,1.6476010563760832
380,2130.0,0.6159439718181376,0.6665625787963001,1.0128520687141254,1.750512949270721,1.640300697254976
381,2131.0,0.6288075732424482,0.6792045017027751,1.0247999798033514,1.7682198911168836,1.6521565875905004
382,2132.0,0.6311019600647182,0.6812773183009634,1.0261423771050773,1.775134096292793,1.6533292582715102
383,2133.0,0.6330940470775563,0.6830478572770613,1.0271477662935975,1.7815288260629953,1.6540894820825194
384,2134.0,0.6297697954592691,0.6795020990067812,1.0228050360091978,1.7823997328575119,1.6494293601030994
385,2135.0,0.6466057195949967,0.6961164629272769,1.038591777717142,1.8032283926316426,1.6648283075968113
386,2136.0,0.6474310135790511,0.6967200019336575,1.0383373810079215,1.8078467173423194,1.6641168274914604
387,2137.0,0.6437976618878922,0.692864644473013,1.033595106078582,1.8078121357733676,1.658850069476504
388,2138.0,0.6248264998019802,0.6736713247566566,1.01348927267415,1.7922573115509934,1.6381561888802916
389,2139.0,0.6350243552468484,0.6836470294683191,1.0225310171580377,1.8057033168494987,1.6465508382728204
390,2140.0,0.6340624610400073,0.68246287547713,1.0203916628327965,1.8078242399774829,1.6437064213281563
391,2141.0,0.63276407472865,0.6809419564155657,1.0178936806626342,1.809443578783995,1.6404456742083875
392,2142.0,0.641954458666182,0.6899093801700706,1.0258615198268277,1.8213865998826704,1.6475932389035237
393,2143.0,0.631085276727055,0.6788167190051232,1.0137468360416961,1.8131070399029197,1.634601585114669
394,2144.0,0.6323268674947525,0.679834561533022,1.013725074006148,1.8167915985182308,1.6336511793398292
395,2145.0,0.6607584087301055,0.7080419968457915,1.0408753600863865,1.8475216734119075,1.6598219613652716
396,2146.0,0.6332710280600837,0.6803297817806254,1.0120843413472678,1.8221781011518023,1.6299977088069264
397,2147.0,0.648396811030796,0.6952304091843615,1.0258913689257216,1.8393155025525707,1.64272457382454
398,2148.0,0.6594803787115652,0.706088204065324,1.035637596239714,1.8522708829435734,1.6513415998430192
399,2149.0,0.6623219385915211,0.7087032818941007,1.037122742729847,1.8568450141000585,1.6516488105595724
400,2150.0,0.6572449571073338,0.703399068153442,1.030670474410911,1.853363492248066,1.6439705971673688
401,2151.0,0.6446795063478615,0.6906058320640934,1.0167146917960757,1.8422690118917466,1.6287446737956408
402,2152.0,0.648696909042142,0.6943951126441823,1.0193308918326178,1.8476469053834947,1.6300507187221576
403,2153.0,0.6224505277288884,0.6679200689178967,0.9916701520250646,1.8226465388414927,1.6010387798906063
404,2154.0,0.6461933542627725,0.6914338578442063,1.0139887903636389,1.8475329044985889,1.621968760141627
405,2155.0,0.6550599417160604,0.7000708013236605,1.021418520707879,1.8574345786871866,1.6279707254146987
406,2156.0,0.6772087104673095,0.7219891755358985,1.0421161511449166,1.8805071959211186,1.6472007525769135
407,2157.0,0.643708647809432,0.688257792154172,1.0071484788606322,1.8478150390174912,1.6107243749311284
408,2158.0,0.6358781969747805,0.680195505927269,0.9978408644376913,1.8406983777769106,1.5998732836606224
409,2159.0,0.6442131508732337,0.688298124751425,1.004689921236477,1.8496572418578485,1.6051453303102303
410,2160.0,0.6623904838200161,0.7062424409034624,1.0213703364024131,1.86836392490051,1.620213915541618
411,2161.0,0.6525711836225125,0.6961892603216853,1.0100407119411798,1.8589740885484158,1.6072361841346055
412,2162.0,0.6460922069330297,0.6894757272862342,1.0020413551083647,1.8528360924214056,1.59755572709601
413,2163.0,0.6505736686973123,0.6937220058190171,1.0049936089367622,1.857575576068159,1.5987954839368799
414,2164.0,0.6644018514898957,0.7073142040375332,1.017281427214041,1.8715735157557305,1.6093379371015766
415,2165.0,0.6658602454969645,0.70853581671866,1.0171887318849906,1.873116201452201,1.607467831710483
416,2166.0,0.6831934932569961,0.7256314430279572,1.0329598205683534,1.8904486999601897,1.6214296205468233
417,2167.0,0.6649412339164011,0.7071406440939155,1.0131334148904427,1.8721095684112952,1.5997617890070264
418,2168.0,0.649531718723641,0.691491845638438,0.9961408281907193,1.856537595429089,1.580898591298979
419,2169.0,0.6258428451598927,0.6675631013479969,0.9708627767244793,1.8326207367292553,1.5537235324940044
420,2170.0,0.6493084590193405,0.6907884827696052,0.9927370855550567,1.8558065234994703,1.5736781857912603
421,2171.0,0.6628403848050648,0.704079407273585,1.0046694933163756,1.8689904970486075,1.5836637739199797
422,2172.0,0.6786681560605242,0.719665278233876,1.0188877174770155,1.8843981660144484,1.595906897078468
423,2173.0,0.6633016774988236,0.7040559398056705,1.001900886484823,1.8685378772821657,1.5769162325003345
424,2174.0,0.6637169407780146,0.7042275728268939,1.0006882307524962,1.8683968188785922,1.5736740811613306
425,2175.0,0.6737247747013545,0.713991033185056,1.0090612631444138,1.8777894086237674,1.5799929276567282
426,2176.0,0.6905088584679888,0.7305298029460429,1.0242007080062834,1.8938913560457957,1.5930512933483854
427,2177.0,0.6784257618131071,0.7182004292693788,1.0104629268630174,1.881059471559006,1.5772056022262773
428,2178.0,0.6856366673002572,0.7251642375379531,1.0160115808677956,1.887463649491475,1.5806218609461762
429,2179.0,0.6934491329035453,0.7327287061592441,1.022153127911589,1.8944091294961167,1.5846058889179497
430,2180.0,0.690034614019328,0.7290652670459474,1.0170588120281552,1.8900678997389992,1.577329057969792
431,2181.0,0.6842937151199486,0.7230746385319299,1.009631254428222,1.8833479367612558,1.5676959473863628
432,2182.0,0.6693026247426422,0.7078330396420818,0.9929473334510374,1.867328738314862,1.5487842747725291
433,2183.0,0.6800586942510901,0.718337998566832,1.0020075110121474,1.877018893536384,1.5555974318757055
434,2184.0,0.6415464922020049,0.6795739085662481,0.9617937198194705,1.8373962602750062,1.5131155130130396
435,2185.0,0.6301890320952703,0.6679640711113212,0.948733900394045,1.8249004657137544,1.4977707412990682
436,2186.0,0.6883592513878642,0.7258813776190974,1.0052005076252992,1.8819047762884882,1.5519355618999988
437,2187.0,0.6783044186085833,0.7155725021849523,0.9934311948247261,1.8706273009627523,1.537839939187896
438,2188.0,0.6701854286978534,0.7071984664994029,0.9835889893253822,1.8612362161403655,1.525648758617388
439,2189.0,0.6796984318719262,0.7164556118700462,0.9913732851911474,1.8694385632030137,1.5310641902044826
440,2190.0,0.6793599970270864,0.715860488238963,0.989300476101931,1.8677515739842196,1.526602753813919
441,2191.0,0.6971700776045563,0.733412967157353,1.0053692744156286,1.8841721173235766,1.540262301910789
442,2192.0,0.6796267731288779,0.7156110821460289,0.9860767664968869,1.8651959349646072,1.518539281612281
443,2193.0,0.6786378985873701,0.7143628295090262,0.9833338823141077,1.86274152018839,1.513347296178833
444,2194.0,0.6837001047774862,0.7191648915578966,0.986637940514264,1.8663087903429694,1.514184428827422
445,2195.0,0.6553365349310939,0.6905403594412075,0.9565113433739655,1.836419276734739,1.481572575323212
446,2196.0,0.6424933677459317,0.677435597262179,0.9419035270501348,1.822030678891768,1.4644639982883023
447,2197.0,0.6564271497559228,0.6911072143587031,0.9540723005599037,1.8344054566823094,1.4741178956018257
448,2198.0,0.6510050466075143,0.6854220760061486,0.946879915981307,1.8273959477927109,1.4643926843595978
449,2199.0,0.6670007251509414,0.7011538981778176,0.9611009649513903,1.8417797336468187,1.476063843669521
450,2200.0,0.6657200513485602,0.699608418725486,0.9580392124333116,1.8388563952967152,1.4704334963871533
451,2201.0,0.6773774318474068,0.7110000988136845,0.9679100553258105,1.8488444114320823,1.4777179847775204
452,2202.0,0.6770664721053365,0.7104225643604515,0.9658075188708966,1.8468393709518915,1.4730117393138624
453,2203.0,0.6703272429448887,0.7034158321298645,0.9572708223153039,1.8383793909543746,1.4618534313973284
454,2204.0,0.6520109778584303,0.6848312025889983,0.9371524200816082,1.8183206097220026,1.4390966405067493
455,2205.0,0.6553512334197048,0.6879024166211508,0.938689144005048,1.8199083280979487,1.4379809559762613
456,2206.0,0.6587052024601008,0.6909865140996662,0.9402356717290008,1.8214923480411191,1.4368591470247938
457,2207.0,0.6612255118311733,0.6932360759845145,0.9409439111055118,1.8222235105253592,1.434882597160452
458,2208.0,0.6377755705652192,0.669514538968876,0.9156778216315802,1.7969677277781997,1.4069157771594183
459,2209.0,0.6528180080062953,0.6842846964303483,0.9289029969032175,1.8101986956446272,1.417426811542327
460,2210.0,0.6546766660038019,0.685870186917525,0.9289398333658627,1.8102295469465082,1.4147334363601913
461,2211.0,0.6572084914553054,0.6881279255453634,0.9296447725343101,1.810916076756521,1.412691734488687
462,2212.0,0.6701265492281858,0.7007709913834361,0.940731174988468,1.8219728607383514,1.421015339875014
463,2213.0,0.674510739532763,0.7048791990119976,0.9432774611920142,1.8244749708502863,1.420781470772616
464,2214.0,0.6699096058268793,0.7000011705418165,0.9368336015971723,1.8179765455984334,1.4115413413072977
465,2215.0,0.659590730777041,0.6894044894283246,0.9246672454257403,1.8057460606766504,1.3965627296297396
466,2216.0,0.676273971863456,0.7058090891291909,0.9394996647122634,1.8205088056408356,1.4085680697331964
467,2217.0,0.6497307570579434,0.6789863923874535,0.911102267018615,1.7920369844717166,1.3773288566035122
468,2218.0,0.6629666799302892,0.6919420633697065,0.9224819982470758,1.8033416948111327,1.3858531888364867
469,2219.0,0.6697852732954076,0.6984795435118574,0.9274408252515637,1.8082216988588276,1.387941846652021
470,2220.0,0.664911514197188,0.6933237157138535,0.9207020726557835,1.8013965929475217,1.3783168504704226
471,2221.0,0.6780907849742073,0.7062200306842896,0.9320123995857149,1.8126166956702137,1.3867258880130626
472,2222.0,0.680692657995045,0.7085380694015118,0.9327415868938601,1.8132529864996711,1.384538972951471
473,2223.0,0.672352918298634,0.6999135654546884,0.9225245322540636,1.8029387365206795,1.371390350578764
474,2224.0,0.6781880326979522,0.7054631095331331,0.9264800284427999,1.806799535906252,1.3724007471231328
475,2225.0,0.6739096208053904,0.7008982423906853,0.9203183095463474,1.8005425435941165,1.3632793103530227
476,2226.0,0.6883140461595226,0.7150153817554925,0.932836807347657,1.812968754233735,1.3728243742189352
477,2227.0,0.6770605928073685,0.7034737714555859,0.9196941206125921,1.7997355908074442,1.356694026171446
478,2228.0,0.659400889536302,0.6855250704113308,0.9001424996099903,1.7800975148657077,1.3341410237752385
479,2229.0,0.651827670536983,0.6776620926000939,0.8906762462469158,1.7705538867525088,1.3216609817840632
480,2230.0,0.6552832434065717,0.6808271119141471,0.892237120251604,1.7720458351655064,1.3201952790591422
481,2231.0,0.6785752395379278,0.7038277310453431,0.9136322848250481,1.7933799477096397,1.3385507292178964
482,2232.0,0.6785881555676778,0.7035483280803373,0.9117440301508866,1.79143297964274,1.3336078967035467
483,2233.0,0.6737399874850409,0.6984069470787017,0.9049913008690629,1.7846270515090703,1.3237864986867296
484,2234.0,0.6727701974651603,0.6971430572334236,0.9021137311633148,1.7817026912708807,1.317826297443648
485,2235.0,0.6996131605544064,0.723691075492794,0.9270465553281949,1.806598376329887,1.339663262173079
486,2236.0,0.7031036510600532,0.7268856413570667,0.9286219690413077,1.8081391716515658,1.3381275110992437
487,2237.0,0.6978432558712563,0.7213283752384042,0.9214422204636409,1.80092956367152,1.3278218167681448
488,2238.0,0.6733997653712936,0.6965871441997901,0.8950766273748243,1.774543852469511,1.2983167240289464
489,2239.0,0.6793068686415429,0.7021957823377247,0.8990618002868478,1.7785280063357072,1.2991511703695897
490,2240.0,0.6721850610359451,0.6947747505880333,0.8900176566099411,1.7695013937639097,1.2869446869941887
491,2241.0,0.664514637921224,0.6868042671095493,0.8804230403920226,1.7599394167566844,1.2741750053914773
492,2242.0,0.6492797509891317,0.6712685392177792,0.8632632817060384,1.742831711149404,1.2538283913597672
493,2243.0,0.6943086619961659,0.7159958522487627,0.9063672034337452,1.7860097335546072,1.2937341255363617
494,2244.0,0.6899755382762416,0.7113601319578273,0.9001041235930446,1.7798284269043325,1.2842577304048441
495,2245.0,0.6854834797924482,0.7065645530386909,0.8936786709198029,1.7734975312643684,1.2746050109948022
496,2246.0,0.6674974985385939,0.6882742090700281,0.8737575588027064,1.753689665110088,1.2514440080540012
497,2247.0,0.6543456532262917,0.674817264826042,0.8586711125353723,1.7387433083922383,1.2331068269191336
498,2248.0,0.6482800804503056,0.6684458007319636,0.8506703915874575,1.730907045046311,1.221843701451558
499,2249.0,0.6512145802075382,0.6710736587167283,0.851670155895753,1.732099784511226,1.2195701530429572
500,2250.0,0.6190466680992348,0.6385982938096091,0.8175667295863214,1.6982149652578034,1.182181593038166
501,2251.0,0.6373297055828339,0.6565731832277223,0.833916025694394,1.7148181079720395,1.1952359136853083
502,2252.0,0.650418501645949,0.6693982003226825,0.8450909748782558,1.7256891122633313,1.203218804040589
503,2253.0,0.6742548918097926,0.6930074569136822,0.8670516798478876,1.746915124374407,1.2220991318902379
504,2254.0,0.6781873903583094,0.6967368179005126,0.8691568255576858,1.7480390028909627,1.2212245788406388
505,2255.0,0.6648754370947775,0.6832393274571574,0.8540729259265617,1.7318284861416986,1.203258042597974
506,2256.0,0.662954333273257,0.6811468695870968,0.8504397464974094,1.7269819815152112,1.1968383698333473
507,2257.0,0.6657740433727115,0.6838073148355042,0.8516098933171086,1.7268901937605219,1.1953177590349007
508,2258.0,0.6795740513267968,0.6974586181299802,0.8638226436958193,1.7378140875125352,1.2049336842867584
509,2259.0,0.7016030020267103,0.7193482147657344,0.8843250065571443,1.7570138298663274,1.222930577739573
510,2260.0,0.703433952069011,0.7210481549214819,0.8846876523372903,1.756068617109666,1.2208760930231708
511,2261.0,0.7083722157964362,0.7258629432051279,0.8882142976002944,1.7582917402122629,1.2220715215586981
512,2262.0,0.6909433956268898,0.7083175081867921,0.8694293597751029,1.7382177441439897,1.20103917299952
513,2263.0,0.6760132149407811,0.693277040339138,0.853198507257297,1.720725702014566,1.1826434364374694
514,2264.0,0.6779778196415442,0.6951371974414977,0.8539172088012628,1.7202216785103408,1.1812780345844174
515,2265.0,0.7121323423334933,0.7291925971940333,0.8868779627902948,1.7520011393435582,1.2122322679475348
516,2266.0,0.7129383742551176,0.7299042389284544,0.8865368090640431,1.7505113408976953,1.2099567897689232
517,2267.0,0.7004929555956002,0.7173687716301113,0.8729887576064636,1.7358502926110901,1.1945438294885788
518,2268.0,0.7402181312807435,0.7570079955548594,0.9116563072563036,1.7734518547331566,1.2314149360630695
519,2269.0,0.6988371889366629,0.7155447198477148,0.8692571798927027,1.7300226160969918,1.1872824781398428
520,2270.0,0.7032177008580974,0.7198464101422036,0.8726611711033689,1.7324487812107474,1.1890166143768421
521,2271.0,0.7158034270033918,0.732356521795416,0.88430924573544,1.7431693420639354,1.199055064497403
522,2272.0,0.7095356651457303,0.7260160827616117,0.8771402136594361,1.7351215552015617,1.1903336255685666
523,2273.0,0.7118051225041186,0.728215596829933,0.8785433793198194,1.7356965400605826,1.190239406123562
524,2274.0,0.7179054807107318,0.7342485546625694,0.8838109357643725,1.740187636006674,1.1940623962126407
525,2275.0,0.7348466028108337,0.751124574996574,0.8999497190227157,1.7555963014604503,1.2088060869598314
526,2276.0,0.709057333908125,0.7252722799838277,0.8733857316381445,1.7283433246847326,1.1808933217444457
527,2277.0,0.7314839312160096,0.747637872100835,0.8950659698456156,1.7493831241385787,1.2012705637871568
528,2278.0,0.745191261929169,0.7612860046509166,0.9080521986210486,1.761770659723067,1.21299632528369
529,2279.0,0.7369109738346067,0.7529481681603722,0.8990740460857475,1.7522320950855346,1.2027977824363396
530,2280.0,0.6992817860827688,0.7152630156521266,0.8607701204894633,1.7134094826921884,1.1633125351061522
531,2281.0,0.7268255997354434,0.7427524620790765,0.8876638980434873,1.7398355915256434,1.1890642853461797
532,2282.0,0.694614734154131,0.7104886262881146,0.854824258688597,1.7065700298336235,1.1551185561041672
533,2283.0,0.7056649533272992,0.7214872496928462,0.865267453616539,1.716634070142893,1.1644911455015698
534,2284.0,0.6944407837023586,0.7102127290159951,0.853455947489296,1.7044855143919821,1.1516422464829248
535,2285.0,0.6734625809837601,0.6891853399727658,0.8319090681728056,1.6826423416067342,1.1290896657019083
536,2286.0,0.6903423978359835,0.706017093776693,0.8482386341373159,1.6987177009948955,1.1444443078451336
537,2287.0,0.7231050161162674,0.7387326294755127,0.8804668027557944,1.7307261859449772,1.1757257398692809
538,2288.0,0.7021051651545432,0.7176865084244566,0.8589450173881819,1.709008761033513,1.1532823547222133
539,2289.0,0.7324960682261036,0.7480320191541537,0.8888284773579139,1.738729468421536,1.182270135849332
540,2290.0,0.6875659351149976,0.7030572404877444,0.8434028444800077,1.6931658613882181,1.1359722771098566
541,2291.0,0.6799747910580147,0.6954223002994915,0.8353308867714382,1.6849920794677575,1.1270529181619628
542,2292.0,0.6914836713346763,0.706888209349523,0.8463734572553366,1.695969761543784,1.1372722255502319
543,2293.0,0.718758943777483,0.7341211957201281,0.8731940651925639,1.7227530888999738,1.163291114304736
544,2294.0,0.6874179980051044,0.7027385507538954,0.8414081320261968,1.6909511587435146,1.1307230836668678
545,2295.0,0.6945185562518195,0.7097980565500165,0.8480749936975887,1.6976298173064635,1.1366281054168117
546,2296.0,0.7122057544666539,0.7274448146722995,0.8653392374288913,1.7149326787533141,1.1531499254309305
547,2297.0,0.7224524912835713,0.7376516002801454,0.875171145255503,1.7248210126004924,1.162256488439474
548,2298.0,0.6992028880662062,0.7143624964007805,0.8515141267472737,1.7012359160577537,1.1378902476417871
549,2299.0,0.7145246527345549,0.729645263561027,0.8664372406249997,1.7162519387709967,1.1521208328411423
550,2300.0,0.7206405202577959,0.7357226083923064,0.8721627198072175,1.7220898527904613,1.1571697126496998
551,2301.0,0.7258676467793069,0.740911630037925,0.8770065498364982,1.7270618138002196,1.1613516610873207
552,2302.0,0.7390811610766983,0.7540874457404776,0.8898437039350902,1.7400424504280407,1.1735411709946633
553,2303.0,0.7346520862223488,0.7496210168638107,0.8850438918747705,1.7353968024986255,1.1681066557546702
554,2304.0,0.7462452408759798,0.7611771944308935,0.8962727554703294,1.7467937170682568,1.178714011932577
555,2305.0,0.7354089566075801,0.7503042494248333,0.8850773172307855,1.7357756525780155,1.1669090231045367
556,2306.0,0.7165397800624381,0.731398817974042,0.8658562366363756,1.7167495307122966,1.1470916018015014
557,2307.0,0.7168406688803519,0.7316638642165709,0.8658126955001737,1.7169194901442442,1.1464647869670506
558,2308.0,0.7097949518198425,0.7245827079585486,0.8584298919972265,1.7097686105541627,1.13851141534108
559,2309.0,0.705522907516432,0.7202755875312448,0.8538272487451408,1.705413496934241,1.1333500427745236
560,2310.0,0.7334423441351315,0.748160305073859,0.8814224873992658,1.7332719963317427,1.1603981123001423
561,2311.0,0.7121260100570006,0.7268094706487132,0.8597852319250477,1.7119024217476042,1.1382227922958277
562,2312.0,0.7164678077217511,0.731117062827944,0.863811148013999,1.7162068195961733,1.1417207637164293
563,2313.0,0.6922614711526444,0.7068768134639268,0.8392939563012306,1.6919787565704898,1.116685486165425
564,2314.0,0.6976782266899519,0.7122600016513724,0.8444061235338072,1.6973954285659216,1.121290105424504
565,2315.0,0.7250456619323321,0.7395941768940748,0.8714744040139663,1.7247808763618788,1.1478606018491515
566,2316.0,0.7251134187494428,0.7396288793490761,0.8712461369853695,1.724874169370598,1.1471424980125366
567,2317.0,0.7264631264870862,0.7409457258711062,0.87230267157088,1.7262554313932637,1.1477167426515569
568,2318.0,0.724337972165145,0.7387879190039481,0.8698875531555612,1.7241695149056413,1.1448269691927093
569,2319.0,0.7161607326512505,0.7305782297452298,0.8614234347053342,1.716038392044898,1.1358955428544748
570,2320.0,0.7284326124029623,0.7428179051703259,0.8734125054311837,1.7283677893926348,1.147425180580874
571,2321.0,0.7304250562300519,0.7447783375736277,0.8751250199654335,1.7304237390448862,1.1486851528808473
572,2322.0,0.7223065806807386,0.736628062622781,0.8667299410466238,1.7223768870851481,1.1398445914355904
573,2323.0,0.7266742358317835,0.7409641602406776,0.8708250109769432,1.7268277227869933,1.1435016126463369
574,2324.0,0.7199686615462099,0.7342272463548344,0.8638503394806654,1.7202144513886062,1.136095799416767
575,2325.0,0.7344531131813291,0.7486805383049473,0.8780683191471724,1.734796228079126,1.1498887868214709
576,2326.0,0.7316770644865856,0.7458735022004108,0.8750282484353646,1.7321216498302943,1.146429621086574
577,2327.0,0.7265950917436619,0.7407607286228584,0.8696850300085682,1.7271466835333509,1.1406733062317729
578,2328.0,0.7219611472893903,0.7360961965303936,0.8647932327899163,1.7226283093404828,1.1353747430866021
579,2329.0,0.7158577138525949,0.7299624364211945,0.8584364482840385,1.7166543953895206,1.1286182047395297
580,2330.0,0.7185555493848372,0.7326301411997995,0.8608839599935112,1.7194889209468145,1.1306718208955775
581,2331.0,0.7188542232456361,0.7328988715438145,0.8609351415171538,1.7199306311920823,1.1303347331652804
582,2332.0,0.7390883461487556,0.7531032331393872,0.8809244912481299,1.7403137039851695,1.1499412685650445
583,2333.0,0.7137674622814525,0.7277527036957651,0.8553600330222321,1.7151403978660895,1.123998249774688
584,2334.0,0.7087283235451124,0.7226841680165959,0.8500815571479606,1.7102617936242284,1.1183475467167605
585,2335.0,0.7275667373282227,0.7414933944321769,0.8686839923768238,1.7292698383883625,1.1365833892502146
586,2336.0,0.7208106168148185,0.7347082025620667,0.8616931193962567,1.7226823909154405,1.1292299311888456
587,2337.0,0.7075421274476542,0.7214107984293336,0.8481920252232658,1.7095859080104276,1.1153708314963378
588,2338.0,0.7049597766915994,0.7187997601872546,0.8453808362051946,1.707186477518951,1.1122072866589716
589,2339.0,0.7390195272283985,0.7528310270357373,0.8792149877440477,1.7414378642259667,1.1456943049760202
590,2340.0,0.7216877928650571,0.735470891041941,0.861658116765295,1.7242934423098022,1.1277934509207042
591,2341.0,0.7054320213205455,0.7191868591048166,0.8451790114374669,1.7082267831205509,1.1109743856580454
592,2342.0,0.7175245755581188,0.73125134510301,0.857051199796704,1.720515712995245,1.1225113922940615
593,2343.0,0.6975809549641614,0.7112798333580248,0.8368898436650397,1.7007744544904715,1.102019354394602
594,2344.0,0.703893856657613,0.7175650279559699,0.842987807667735,1.7072963205998033,1.1077911571302799
595,2345.0,0.6928014928704546,0.7064451274876257,0.8316830006916061,1.6964182382527122,1.096164431485434
596,2346.0,0.6822669247415587,0.6958832292738597,0.8209393166124465,1.686107499451008,1.0851036361423922
597,2347.0,0.7089785716029816,0.7225677365221703,0.8474448167133394,1.7130508935376532,1.1112965097900724
598,2348.0,0.7249608955118253,0.7385230090552395,0.8632216274958433,1.729262005271557,1.1267634593637865
599,2349.0,0.7520215125249353,0.7655566300244476,0.8900765967708707,1.7565446361540347,1.1533107176621598
600,2350.0,0.7397277038989107,0.7532358153728821,0.8775754905083453,1.7444588073411627,1.140502917231923
601,2351.0,0.7308757850884273,0.7443570089851409,0.8685175415216395,1.73581437658621,1.1311413143223468
602,2352.0,0.7327961860292538,0.7462506558608646,0.8702335261877598,1.737943370267252,1.1325568723368489
603,2353.0,0.7252398324643496,0.7386676763753524,0.8624742493384268,1.7305960308398747,1.1245002465102192
604,2354.0,0.7332520011845886,0.7466533916184971,0.8702860071314266,1.7388225636831818,1.1320184203923316
605,2355.0,0.7308904023935158,0.7442654716160736,0.8677256012428289,1.7366764617390709,1.1291674967035668
606,2356.0,0.7361389245967869,0.7494877781037137,0.8727763077888714,1.742138739576904,1.1339302714200064
607,2357.0,0.7596651960005724,0.7729879297402168,0.8961055345556661,1.7658758220391537,1.1569739313972358
608,2358.0,0.7441664709793877,0.7574631555227225,0.8804099533262826,1.7505825156165087,1.1409947217446728
609,2359.0,0.7088939550656254,0.7221647109902902,0.8449419100758675,1.7155151416530183,1.1052457306923817
610,2360.0,0.7102707104040088,0.7235157736137475,0.8461271157075013,1.717109108585708,1.1061544942158967
611,2361.0,0.7151721040799233,0.7283916799753513,0.8508402655433343,1.7222370293855465,1.11059521141616
612,2362.0,0.7499261895743619,0.7631204245672678,0.8854080763887627,1.757221054982678,1.1448936460905035
613,2363.0,0.7187983616575785,0.731967300293853,0.8540936153491787,1.7263158383168062,1.1133111847032688
614,2364.0,0.7311061776702518,0.7442499755723446,0.8662169732428683,1.7388506438287157,1.125169666972262
615,2365.0,0.7393836128518987,0.7525023926623647,0.8743113770144413,1.7473559093963011,1.133001743375868
616,2366.0,0.7235756707136012,0.7366695228265311,0.8583210926069578,1.731773165251972,1.116751119158128
617,2367.0,0.7327024255122628,0.7457714836202678,0.8672671845579035,1.7411271526849483,1.1254395305976024
618,2368.0,0.7030307289289952,0.7160751115841216,0.837416162676579,1.7116832610960273,1.0953332225094052
619,2369.0,0.6965382379242934,0.7095581511451192,0.8307476972026937,1.7054286996249848,1.0884132585934185
620,2370.0,0.6728252297543031,0.6858208518875957,0.806861449008658,1.6819610369078941,1.0642788399147713
621,2371.0,0.6882787183886369,0.7012503119782794,0.8221463763628525,1.6976766748038827,1.0793202920585694
622,2372.0,0.7165181651628119,0.7294658860151678,0.8502195238220182,1.7261843009993334,1.107152951125418
623,2373.0,0.7042972895112447,0.7172211454301634,0.8378312224060275,1.714221715573735,1.094524706282857
624,2374.0,0.7025581473544168,0.7154582016633027,0.8359247769926514,1.712736521376816,1.0923797013343577
625,2375.0,0.7384081465132633,0.7512845433965559,0.8716094406084893,1.7488446522597318,1.1278284611739609
626,2376.0,0.7185149436787945,0.731367685904706,0.8515496370680369,1.7291988053685399,1.107533100924935
627,2377.0,0.7226720943078863,0.7355012874800625,0.8555412599985907,1.7336033686373853,1.1112911465661177
628,2378.0,0.7240097383374597,0.7368154879598565,0.8567144503874988,1.7351884200637901,1.1122327006842703
629,2379.0,0.7388127897155017,0.7515951884244998,0.8713538300496255,1.750237343689268,1.1266421332354344
630,2380.0,0.713557047892123,0.7263161291627194,0.8459338382827573,1.7252195435425188,1.100992900867041
631,2381.0,0.7158320902761472,0.728567997311128,0.8480465608879308,1.727736304952441,1.1028788394681706
632,2382.0,0.7126666790473141,0.7253795571418671,0.8447208194401938,1.7248167437456015,1.0993287917954486
633,2383.0,0.7246660509002383,0.7373559970225115,0.8565607515194528,1.737061112928051,1.1109461107968477
634,2384.0,0.7340719339101386,0.746739030696291,0.8658077600046824,1.746709690196486,1.1199719497959406
635,2385.0,0.7434646689079001,0.7561089804949819,0.8750417603544673,1.7563407128724997,1.1289858908287165
636,2386.0,0.7178251650265534,0.7304467303601939,0.8492430816741199,1.7309320773015626,1.1029677984627158
637,2387.0,0.71936284269664,0.731961796226694,0.8506233270071301,1.732703610545653,1.1041308296382075
638,2388.0,0.7343452711912397,0.7469217405711319,0.865449920494559,1.7479222996171506,1.1187422920865782
639,2389.0,0.7413266443541261,0.7538806731178147,0.8722751354197963,1.7551333446311408,1.1253530743824076
640,2390.0,0.7392297605634,0.7517613957777395,0.8700218460058884,1.753259820612721,1.122886080292855
641,2391.0,0.7240757579467758,0.7365850764425214,0.8547118681554657,1.738325987577041,1.1073635865010172
642,2392.0,0.7387198422084247,0.7512069979459887,0.869202181114473,1.7531952607710957,1.1216437907617722
643,2393.0,0.7403389138281032,0.7528039875864606,0.870668021014669,1.7550369982474694,1.1229007579443002
644,2394.0,0.7382203965405418,0.7506634804451671,0.8683970732948934,1.7531400023928116,1.120422359580889
645,2395.0,0.7759613502688378,0.7883825698592579,0.9059871713297818,1.7911050198560743,1.157806956342911
646,2396.0,0.7556305358519511,0.7680299042718689,0.8855045094442028,1.7709887634755024,1.137118899842083
647,2397.0,0.7425466974911075,0.754924274578815,0.8722688903728637,1.7581148790536179,1.1236787301970512
648,2398.0,0.7511279025775368,0.7634838073495323,0.8806997343951796,1.766907713388378,1.1319068122173133
649,2399.0,0.7481925718895244,0.7605269325518452,0.8776156895560924,1.764186787044305,1.128621923562536
650,2400.0,0.76739566046827,0.7797085875255663,0.896671314192391,1.7836053805516439,1.147478347608158
651,2401.0,0.7447982995088201,0.7570898456040922,0.8739264218297066,1.7612186167946307,1.1245349596400813
652,2402.0,0.7415701216731666,0.7538404086909991,0.8705522289589148,1.7582035455983946,1.1209640899302686
653,2403.0,0.7221850393493123,0.7344342137962527,0.8510232250031037,1.739036866124388,1.1012406193089808
654,2404.0,0.6976885442634579,0.709916783517478,0.8263856283902695,1.7147677490482083,1.0764112782395718
655,2405.0,0.7082556821829665,0.7204631731095485,0.836814720706512,1.7255726162367295,1.0866515212890402
656,2406.0,0.7285149428793123,0.7407018259027724,0.8569379480894921,1.7460751869994309,1.1065880379262727
657,2407.0,0.6988813317153512,0.711047672851952,0.8271686185876239,1.7166830168105218,1.0766329720216141
658,2408.0,0.6992394021953883,0.7113853561066031,0.8273933147966414,1.7172900056301033,1.0766743134631476
659,2409.0,0.6977084484318561,0.7098341417095668,0.8257307015860267,1.7160125560030526,1.0748302617053647
660,2410.0,0.7147751109816288,0.7268806472063369,0.8426668992166323,1.7333349527787245,1.0915865582020083
661,2411.0,0.7142219216736458,0.7263073418504369,0.8419830081060363,1.733032947451987,1.0907232657470975
662,2412.0,0.714756633885781,0.7268219767223923,0.8423867185286434,1.7338137683467245,1.0909480008486112
663,2413.0,0.7025665808442486,0.714611932227065,0.8300664370516535,1.7218698276358333,1.0784499315265315
664,2414.0,0.7046326065376775,0.7166580802687869,0.8320036495843549,1.7241851378891488,1.0802110049073905
665,2415.0,0.7186788794299874,0.7306845544861181,0.845921734765773,1.7384800417700756,1.0939540066083175
666,2416.0,0.6970166081848941,0.7090025317696278,0.8241311735875961,1.717062233293301,1.0719888806456512
667,2417.0,0.6965362192557285,0.7085025373855905,0.8235246530788034,1.7168329074727886,1.071209929404006
668,2418.0,0.6973137153684774,0.7092605348931906,0.8241772931766718,1.7178640102705287,1.0716916340904807
669,2419.0,0.7083943907596755,0.7203217854362475,0.8351336342932649,1.729197320848149,1.0824779923812184
670,2420.0,0.7257012797926236,0.7376093112236453,0.8523164315407232,1.7467545531636908,1.0994915513855201
671,2421.0,0.7221817843481141,0.7340704577083912,0.8486717921814464,1.743476819831484,1.095677466818896
672,2422.0,0.7099885896831901,0.7218579350075306,0.8363529599381814,1.731519147438484,1.083189347377646
673,2423.0,0.7186504279412314,0.7305005750894291,0.8448909507166791,1.7404211498577082,1.0915598429710864
674,2424.0,0.7226206500832459,0.7344516720913313,0.8487378258565829,1.7446301919632579,1.0952400918036247
675,2425.0,0.732017598539122,0.7438295222425994,0.8580108695093549,1.754259587111203,1.1043466161295161
676,2426.0,0.7338172767047078,0.7456101556743422,0.8596866916385271,1.7562881224750178,1.1058564470310246
677,2427.0,0.731805771576212,0.7435796503811734,0.8575511704777695,1.754500874169794,1.1035553112384504
678,2428.0,0.7616515614982166,0.7734065130216654,0.8872734347079633,1.784569250689332,1.1331127743552536
679,2429.0,0.7649687458804969,0.776704740599368,0.8904652378974842,1.7880961353018616,1.1361389009979708
680,2430.0,0.7604083741019133,0.7721254126150825,0.8857783025856122,1.783735622811461,1.131285888517764
681,2431.0,0.7626277006421657,0.774325842380928,0.8878712267835563,1.786151146598226,1.133213269801467
682,2432.0,0.7492566965100922,0.7609360136489152,0.8743742810403156,1.7729739959688107,1.1195515058152128
683,2433.0,0.7548653884121874,0.7665259921534588,0.8798583943577675,1.7787784123497636,1.1248721540287965
684,2434.0,0.7690017695814598,0.7806437550764525,0.893871205588978,1.7931109952744937,1.1387226193913176
685,2435.0,0.748916403829671,0.7605398250975886,0.8736623488174948,1.7732181917740522,1.1183518857867096
686,2436.0,0.7599140762239128,0.7715190243403265,0.8845374594778054,1.7844087462104798,1.129066185722428
687,2437.0,0.7688106614226129,0.7803971928284857,0.8933116256178846,1.7934948739948107,1.1376800462885432
688,2438.0,0.7499849974241714,0.7615531505768455,0.8743632733739635,1.774853608761876,1.1185716142157789
689,2439.0,0.7479810944550305,0.7595309987718701,0.8722385011674497,1.7730386994314071,1.1162884504555473
690,2440.0,0.7377715958538327,0.7493033640664953,0.861909587695174,1.7630214383919964,1.1058025961818072
691,2441.0,0.73440669447863,0.7459204361121963,0.8584266665382423,1.759851738179045,1.1021641264732793
692,2442.0,0.7295037136157252,0.7409995423935185,0.8534071680322438,1.755147529627302,1.0969905466234402
693,2443.0,0.7323484691226095,0.7438265113280451,0.856137207306606,1.7581962068418269,1.0995681896829992
694,2444.0,0.7296942736625394,0.741154620698787,0.8533693107803405,1.755747709814327,1.0966490456001095
695,2445.0,0.7421767224919781,0.7536194606816772,0.8657389648112289,1.7684370724634657,1.1088685057318295
696,2446.0,0.7328591354034585,0.7442843083573484,0.8563085153410858,1.7593229023968693,1.099288197118465
697,2447.0,0.7430593619645952,0.7544670516846991,0.8663966901305609,1.7697271633663165,1.1092274646234614
698,2448.0,0.7576890035309016,0.7690792555759395,0.8809142590845753,1.7845576174784215,1.1235964869574175
699,2449.0,0.7567376616378994,0.7681104935641142,0.8798501778232721,1.7838009014385865,1.122383770179234
700,2450.0,0.747426495771805,0.7587819473443885,0.8704261073958112,1.7746804737987552,1.1128113262769965
701,2451.0,0.7558692550840291,0.7672074026053308,0.8787566342791436,1.7833137989973498,1.1209943045349142
702,2452.0,0.7583785693226142,0.7696995005177885,0.8811546573968548,1.7860149315568108,1.1232458019851714
703,2453.0,0.7355407241915793,0.7468445130447305,0.8582061552138716,1.7633686145642122,1.100151559652968
704,2454.0,0.7507730002677562,0.7620597653137022,0.8733294334252361,1.7787969053535635,1.115130600115588
705,2455.0,0.7506397961122437,0.7619096105635791,0.8730878641115903,1.7788595745844076,1.1147455793128296
706,2456.0,0.7261673776749714,0.7374203247996063,0.8485079491551258,1.7545839926250666,1.0900231566997616
707,2457.0,0.733854516407852,0.7450907224718719,0.8560894528287575,1.7624737240859458,1.0974638062353703
708,2458.0,0.7787239787301521,0.7899435358733997,0.9008543724500919,1.807548101708141,1.1420889885142178
709,2459.0,0.7755358985641126,0.7867387320118093,0.8975590188014376,1.804549440393038,1.138652314808905
710,2460.0,0.7264899495511891,0.7376760322224588,0.8484041309574283,1.755682007204801,1.0893552556705974
711,2461.0,0.7398226635646348,0.7509921639848652,0.861630716401715,1.7692032567059235,1.1024419770000944
712,2462.0,0.7515097821277336,0.7626628112958361,0.8732132225147353,1.7810830355355598,1.1138860099095553
713,2463.0,0.7560530122474245,0.7671895947961974,0.8776513866255646,1.7858138742514926,1.1181856957816023
714,2464.0,0.7335926705275498,0.7447128526749254,0.8550860162335799,1.7635382458288213,1.0954821716766423
715,2465.0,0.719810136758381,0.7309140321959209,0.8412000393761381,1.7499448745694464,1.0814594676030485
716,2466.0,0.7177688392853427,0.7288566087913324,0.8390579818240748,1.748102686119918,1.0791829043710637
717,2467.0,0.6931449345918972,0.7042167180359384,0.81433554421935,1.7236857778731447,1.0543278446661917
718,2468.0,0.7286328855005078,0.7396888408220467,0.8497276188054466,1.7593909542731843,1.0895895103991733
719,2469.0,0.7222832926565234,0.7333234454797847,0.8432817871092025,1.7532547494097543,1.0830133449057637
720,2470.0,0.7266141186695664,0.7376384902048211,0.8475159009607264,1.7577944900720628,1.0871171129112904
721,2471.0,0.7468682628337228,0.7578769080325205,0.8676736296462727,1.7782567093117811,1.1071450250240997
722,2472.0,0.6882923182586613,0.6992852367460098,0.8090002938306184,1.7198819975161481,1.0483415016754816
723,2473.0,0.7169244924786125,0.7279018614289224,0.8375381663179964,1.748727330015905,1.0767516558061525
724,2474.0,0.7298604559933967,0.7408223408239548,0.8503803773108507,1.7618766964499541,1.0894668309456543
725,2475.0,0.7141584790713364,0.7251048966023236,0.8345840829511718,1.7463831348252958,1.073543393012215
726,2476.0,0.7195287470858595,0.7304597702155494,0.8398607476409354,1.751963017846902,1.078693733682761
727,2477.0,0.7192527178575977,0.7301683792945308,0.8394909105187189,1.7518933878834297,1.0781977267965133
728,2478.0,0.7274035856868779,0.7383039510851855,0.847548519648953,1.7602507207876872,1.0861298225892766
729,2479.0,0.7172876087773589,0.7281727073493547,0.8373389990575264,1.750337429074431,1.0757948630187066
730,2480.0,0.7363921590764579,0.7472620424003996,0.8563502313090845,1.7696432507493671,1.0946810875499418
731,2481.0,0.7488036334007357,0.7596583175623477,0.8686677998613387,1.7822505739040841,1.1068734813402545
732,2482.0,0.7678122647428438,0.778651742136382,0.8875813884128546,1.8014470045979671,1.1256613392889072
733,2483.0,0.7563312638967953,0.7671555091033896,0.8760037887558779,1.790143544332173,1.1139571403567956
734,2484.0,0.75318939230826,0.7639984404820271,0.8727651407891645,1.7871752955018756,1.1105919924333874
735,2485.0,0.7521411217514268,0.7629350440143751,0.8716207459816668,1.7863006368274674,1.1093217784093339
736,2486.0,0.7480659412133313,0.7588447946025457,0.8674497778793465,1.782397597380081,1.1050254476844736
737,2487.0,0.762216956288134,0.7729808315983395,0.8815061218960765,1.7967230807114358,1.1189574512634926
738,2488.0,0.7436422228413807,0.7543911310987794,0.8628360156992543,1.7783166220678976,1.1001627340696685
739,2489.0,0.7246195523008592,0.7353535639682718,0.8437186292600007,1.759462185889919,1.0809214074155837
740,2490.0,0.7179569740471423,0.7286762506845741,0.8369640933831582,1.752977849464462,1.0740450949968163
741,2491.0,0.7231516142940737,0.7338562851159144,0.8420688166329633,1.7583577789982712,1.079029727913487
742,2492.0,0.749639015744453,0.7603291535787013,0.8684670664638379,1.7850316111775681,1.1053086647353056
743,2493.0,0.7575372560445685,0.7682128710711204,0.8762754878762848,1.7931107455019313,1.1129975378926105
744,2494.0,0.7498393841776685,0.760500453679007,0.8684863659857878,1.7855846390892849,1.105088099465892
745,2495.0,0.7543541613477919,0.7650007491494033,0.8729104373646432,1.7902711556712274,1.109392466364319
746,2496.0,0.7410120159804805,0.7516441193182998,0.8594766061154718,1.7770933165714855,1.0958384374348198
747,2497.0,0.7425350964513928,0.7531528108777498,0.8609092700023535,1.7787838519578116,1.097152008542222
748,2498.0,0.7318182638547341,0.7424216629302407,0.8501027994237286,1.7682354698015361,1.0862272085471183
749,2499.0,0.7185630497727556,0.7291522072986474,0.8367587403754146,1.755149978464806,1.0727656067651379
750,2500.0,0.7451772285308437,0.7557522798641603,0.8632862884854231,1.781941919386095,1.099177402594998
